66, 82, 157, 184, 89, 157, 106, 165, 247, 231, 85, 0, 161, 298, 261, 89, 178, 157, 278, 167, 181, 164, 299, 325, 326, 244, 130, 108, 224, 315, 166, 293, 197, 164, 251, 0, 149, 190, 157, 260, 202, 156, 212, 187, 293, 146, 277, 334, 328, 226, 293, 298, 272, 326, 282, 248, 239, 218, 0, 152, 270, 282, 263, 166, 302, 248, 144, 0, 0, 0, 0, 0, 0, 0, 0, 0, 0, 0, 0, 0, 0, 0, 0, 0, 260, 201, 0, 0, 188, 300, 272, 204, 103, 132, 251, 248, 260, 172, 159, 192, 185, 129, 0, 0, 153, 272, 334, 270, 9, 146, 130, 210, 74, 84, 75, 165, 15, 32, 19, 119, 61, 33, 61, 37, 50, 47, 47, 64, 57, 117, 56, 40, 73, 19, 19, 19, 19, 19, 19, 19, 19, 19, 33, 73, 59, 151, 172, 172, 172, 44, 44
202, 162, 189, 222, 225, 134, 211, 219, 158, 158, 217, 263, 262, 160, 247, 251, 233, 198, 228, 239, 153, 228, 0, 0, 155, 179, 156, 256, 273, 0, 0, 168, 252, 278, 292, 212, 0, 141, 257, 326, 286, 213, 280, 271, 287, 332, 298, 318, 169, 147, 210, 0, 161, 220, 0, 132, 237, 168, 246, 0, 0, 127, 184, 264, 229, 146, 170, 284, 277, 157, 174, 101, 245, 330, 246, 177, 223, 129, 115, 229, 320, 172, 131, 196, 128, 30, 102, 46, 64, 129, 33, 78, 98, 80, 34, 102, 55, 106, 13, 13, 13, 13, 13, 13, 13, 13, 13, 13, 13, 13, 13, 91, 27, 69, 69, 69, 69, 69, 69, 69, 69, 69, 69, 69, 69, 69, 69, 69, 69, 69, 69, 69, 69, 69, 69, 69, 69, 69, 69, 69, 69, 69, 69, 69, 69, 69, 69, 69, 69, 168, 168, 30, 37, 7, 128, 267
60, 78, 46, 65, 160, 147, 67, 154, 178, 49, 179, 250, 35, 112, 201, 222, 226, 205, 53, 103, 156, 173, 111, 256, 173, 116, 215, 107, 217, 235, 246, 252, 264, 125, 22, 13, 165, 279, 303, 294, 284, 243, 49, 188, 239, 16, 36, 149, 248, 269, 245, 0, 0, 19, 54, 187, 206, 62, 229, 284, 92, 78, 78, 198, 310, 306, 242, 222, 267, 336, 342, 358, 279, 4, 125, 286, 313, 197, 61, 149, 281, 298, 262, 193, 35, 117, 257, 272, 55, 85, 215, 269, 251, 205, 281, 148, 53, 130, 160, 154, 73, 108, 9, 25, 152, 274, 55, 128, 177, 43, 33, 39, 129, 129, 129, 129, 129, 287, 287, 52, 52, 52, 52, 52, 52, 52, 52, 52, 52, 52, 52, 52, 52, 52, 52, 52, 52, 52, 52, 52, 52, 52, 52
162, 217, 220, 218, 205, 238, 288, 157, 209, 125, 154, 273, 295, 317, 0, 0, 230, 252, 110, 279, 305, 231, 379, 359, 316, 122, 270, 291, 275, 362, 364, 352, 127, 112, 305, 273, 200, 256, 172, 223, 171, 311, 253, 0, 160, 204, 215, 181, 84, 160, 130, 122, 185, 235, 245, 216, 161, 164, 218, 153, 139, 204, 266, 257, 239, 204, 177, 79, 97, 119, 113, 87, 27, 13, 13, 13, 13, 13, 13, 13, 13, 13, 13, 13, 13, 13, 13, 13, 13, 13, 13, 13, 13, 13, 13, 13, 13, 13, 13, 13, 13, 13, 13, 13, 13, 13, 13, 13, 13, 13, 13, 13, 13, 13, 13, 13, 13, 61, 63, 50, 78, 78, 19, 140, 140, 140, 140, 140, 140, 140, 140, 140, 140, 140, 140, 140, 140, 140, 140, 140, 140, 140, 140, 140, 140, 140, 140, 140, 140, 140, 140, 140, 140, 140, 140, 140, 140, 140
62, 85, 127, 105, 125, 90, 155, 140, 163, 201, 160, 0, 171, 241, 230, 141, 118, 189, 168, 237, 157, 173, 210, 261, 255, 269, 294, 262, 184, 278, 293, 178, 249, 226, 168, 246, 0, 173, 183, 191, 250, 171, 237, 189, 325, 253, 190, 295, 312, 290, 231, 165, 212, 227, 274, 285, 280, 287, 271, 110, 220, 274, 244, 208, 195, 267, 232, 224, 195, 177, 205, 189, 122, 0, 0, 148, 291, 299, 148, 0, 0, 160, 235, 286, 284, 189, 85, 114, 168, 140, 123, 0, 0, 0, 0, 0, 0, 0, 83, 105, 173, 295, 152, 0, 0, 113, 124, 165, 20, 14, 167, 52, 51, 35, 118, 107, 56, 100, 41, 77, 32, 21, 21, 21, 21, 21, 21, 21, 21, 21, 21, 21, 21, 21, 98, 81, 43, 66, 153, 153, 42, 25, 41, 56, 226, 89
104, 145, 124, 166, 194, 205, 188, 158, 107, 121, 91, 152, 218, 93, 100, 0, 167, 167, 250, 160, 144, 223, 215, 131, 114, 241, 206, 193, 0, 0, 169, 212, 192, 200, 257, 223, 198, 166, 135, 184, 105, 90, 151, 202, 192, 168, 177, 217, 168, 243, 211, 109, 161, 272, 287, 281, 248, 257, 166, 261, 250, 152, 238, 267, 190, 111, 0, 117, 138, 209, 182, 123, 58, 151, 222, 248, 218, 110, 0, 0, 111, 211, 299, 301, 136, 116, 126, 91, 82, 63, 43, 0, 0, 0, 145, 280, 300, 276, 198, 159, 14, 61, 114, 83, 109, 30, 26, 113, 79, 84, 232, 232, 232, 232, 232, 232, 232, 232, 232, 96, 37, 110, 48, 41, 24, 34, 121, 121, 144, 144, 86, 24, 39, 43, 151, 125, 220, 57
224, 224, 224, 224, 73, 224, 141, 72, 81, 127, 81, 147, 116, 185, 220, 237, 172, 169, 192, 233, 249, 215, 85, 92, 127, 151, 228, 212, 200, 185, 181, 161, 155, 215, 223, 217, 189, 40, 150, 204, 212, 212, 214, 215, 215, 213, 152, 165, 180, 158, 232, 210, 64, 122, 207, 227, 259, 262, 202, 266, 292, 283, 268, 248, 266, 276, 282, 302, 318, 305, 251, 91, 123, 182, 226, 158, 210, 201, 151, 218, 221, 215, 117, 80, 19, 0, 67, 157, 137, 242, 225, 101, 214, 312, 290, 128, 98, 0, 0, 0, 0, 25, 43, 108, 155, 108, 58, 93, 64, 0, 0, 0, 0, 0, 0, 0, 0, 0, 64, 0, 0, 87, 209, 290, 55, 145, 111, 67, 67, 67, 179, 179, 179, 53, 48, 61, 47, 49, 50, 27
0, 111, 162, 18, 67, 11, 46, 48, 285, 184, 67, 92, 40, 144, 187, 139, 139, 164, 200, 280, 207, 86, 70, 179, 258, 221, 110, 16, 0, 201, 174, 256, 244, 144, 202, 210, 113, 242, 195, 241, 143, 0, 186, 295, 268, 155, 195, 176, 245, 65, 0, 187, 188, 106, 255, 245, 212, 253, 170, 270, 225, 127, 90, 204, 294, 318, 276, 284, 343, 326, 311, 320, 324, 333, 213, 86, 249, 250, 228, 132, 290, 257, 164, 36, 0, 0, 0, 0, 0, 24, 0, 0, 0, 0, 0, 0, 0, 0, 0, 0, 0, 0, 0, 0, 105, 59, 146, 240, 199, 58, 96, 184, 248, 201, 169, 145, 6, 204, 245, 345, 309, 77, 150, 162, 164, 112, 77, 98, 0, 0, 171, 245, 250, 172, 187, 158, 149, 46, 48, 78, 80, 106, 35, 37, 48, 36, 58, 53
0, 64, 109, 146, 150, 102, 174, 107, 133, 242, 226, 153, 0, 0, 0, 283, 149, 199, 168, 275, 162, 233, 234, 249, 251, 221, 0, 165, 270, 296, 181, 166, 185, 171, 166, 265, 155, 274, 305, 262, 184, 248, 160, 274, 165, 126, 172, 296, 348, 286, 204, 248, 301, 269, 313, 321, 309, 243, 158, 98, 126, 233, 239, 175, 0, 165, 243, 278, 196, 174, 172, 0, 0, 164, 208, 156, 159, 79, 130, 173, 171, 172, 206, 152, 0, 164, 239, 116, 161, 192, 120, 114, 73, 180, 219, 173, 0, 69, 0, 0, 0, 190, 309, 336, 89, 49, 73, 30, 133, 38, 121, 28, 130, 81, 74, 104, 55, 41, 74, 34, 59, 83, 138, 138, 31, 45, 54, 39, 160, 160, 160, 31, 158, 138, 46, 46, 46, 46, 46, 46
99, 78, 101, 83, 34, 132, 54, 51, 33, 157, 157, 107, 107, 62, 62, 91, 91, 91, 140, 140, 140, 231, 231, 231, 197, 197, 197, 209, 209, 209, 203, 203, 203, 246, 246, 246, 126, 126, 126, 266, 266, 266, 217, 217, 217, 251, 251, 251, 242, 242, 242, 120, 120, 120, 208, 208, 208, 269, 269, 269, 198, 198, 198, 270, 270, 270, 319, 319, 319, 216, 216, 216, 236, 236, 236, 33, 33, 33, 0, 0, 0, 72, 72, 72, 144, 144, 144, 199, 199, 199, 185, 185, 185, 149, 149, 149, 59, 59, 59, 91, 91, 91, 266, 266, 266, 90, 90, 90, 133, 133, 133, 133, 133, 133, 133, 133, 133, 40, 40, 77, 77, 77, 36, 36, 36, 36, 84, 84, 100, 100, 100, 93, 93, 93, 93, 75, 75, 75, 75, 75, 75
64, 37, 69, 142, 192, 117, 182, 168, 218, 211, 200, 0, 157, 253, 246, 141, 80, 106, 174, 159, 266, 207, 220, 78, 114, 225, 207, 247, 258, 245, 126, 162, 246, 138, 148, 205, 86, 184, 132, 141, 244, 254, 139, 0, 0, 144, 234, 255, 223, 206, 191, 238, 191, 268, 192, 64, 172, 232, 122, 247, 274, 254, 240, 301, 296, 283, 325, 321, 306, 183, 145, 249, 254, 275, 132, 0, 103, 186, 271, 298, 139, 115, 0, 0, 0, 148, 225, 235, 161, 107, 116, 150, 259, 171, 171, 143, 216, 201, 228, 194, 121, 69, 119, 203, 178, 152, 0, 0, 0, 0, 0, 0, 0, 101, 210, 253, 237, 171, 186, 180, 25, 162, 14, 73, 85, 43, 58, 29, 29, 29, 29, 29, 29, 29, 29, 29, 62, 41
279, 17, 52, 48, 67, 141, 131, 131, 95, 157, 155, 196, 242, 219, 50, 172, 219, 243, 148, 74, 5, 105, 194, 68, 216, 224, 231, 61, 76, 228, 295, 306, 293, 260, 236, 279, 284, 232, 174, 75, 205, 103, 98, 232, 266, 257, 188, 60, 192, 228, 256, 236, 215, 23, 10, 100, 44, 132, 255, 290, 272, 216, 237, 281, 274, 272, 294, 189, 0, 41, 84, 65, 197, 247, 221, 121, 83, 138, 252, 223, 195, 135, 17, 0, 6, 15, 44, 121, 61, 206, 220, 148, 52, 164, 208, 248, 203, 179, 11, 0, 62, 112, 252, 307, 316, 168, 104, 87, 192, 148, 131, 91, 0, 0, 0, 37, 178, 271, 325, 90, 179, 58, 148, 125, 38, 38, 38, 38, 38, 38, 38, 38, 38, 38, 38, 38, 38, 38, 38, 38, 38, 38, 38, 38, 215, 215, 251, 27
93, 148, 180, 86, 165, 212, 229, 234, 203, 0, 156, 242, 247, 167, 0, 160, 161, 277, 175, 267, 274, 294, 267, 291, 195, 160, 249, 284, 274, 278, 291, 156, 247, 219, 114, 201, 253, 229, 0, 0, 165, 240, 179, 309, 187, 105, 170, 304, 344, 279, 291, 332, 316, 339, 300, 259, 302, 296, 160, 256, 162, 264, 179, 271, 197, 167, 245, 220, 119, 191, 264, 224, 190, 104, 144, 246, 277, 265, 155, 139, 144, 212, 212, 0, 0, 17, 153, 230, 265, 231, 231, 187, 60, 53, 234, 61, 118, 25, 30, 25, 53, 20, 29, 70, 32, 28, 60, 30, 82, 10, 10, 10, 10, 10, 10, 10, 10, 10, 10, 10, 10, 10, 10, 10, 10, 10, 10, 10, 10, 10, 10, 10, 125, 125, 158, 158, 67, 61, 61, 28, 130
63, 37, 50, 0, 0, 0, 69, 83, 109, 97, 91, 124, 110, 102, 175, 196, 127, 111, 0, 0, 145, 204, 241, 212, 0, 136, 243, 185, 152, 170, 162, 231, 315, 312, 297, 156, 271, 331, 321, 300, 301, 275, 139, 0, 131, 208, 223, 270, 149, 0, 115, 172, 187, 183, 225, 206, 103, 125, 148, 261, 342, 332, 237, 277, 346, 321, 273, 313, 273, 194, 109, 110, 155, 225, 259, 173, 0, 126, 0, 149, 262, 242, 220, 95, 0, 144, 152, 227, 196, 118, 158, 253, 267, 135, 118, 124, 228, 209, 226, 193, 100, 127, 245, 208, 152, 102, 0, 0, 151, 256, 302, 242, 86, 185, 122, 0, 138, 204, 33, 18, 31, 113, 79, 57, 45, 104, 104, 54, 29, 23, 23, 77, 77, 73, 49, 19, 19, 32, 34
65, 38, 62, 48, 64, 100, 117, 109, 113, 131, 139, 142, 151, 56, 0, 140, 132, 163, 0, 0, 166, 0, 0, 106, 128, 203, 173, 100, 145, 203, 198, 165, 190, 230, 197, 187, 198, 0, 154, 272, 295, 203, 141, 178, 203, 164, 194, 171, 179, 132, 226, 213, 136, 0, 0, 124, 185, 157, 183, 267, 189, 144, 257, 291, 311, 238, 183, 179, 312, 288, 353, 319, 322, 255, 99, 188, 206, 163, 188, 274, 170, 212, 96, 175, 230, 217, 129, 102, 0, 0, 153, 230, 255, 220, 171, 179, 208, 109, 132, 242, 193, 100, 121, 141, 226, 149, 0, 0, 0, 70, 215, 300, 53, 94, 177, 62, 128, 116, 21, 322, 79, 35, 79, 102, 26, 35, 91, 73, 126, 63, 25, 32, 30, 60, 60, 60, 47, 63, 96, 96, 143, 143, 50, 50, 117, 117, 117, 117
74, 143, 184, 28, 34, 25, 51, 84, 140, 140, 97, 23, 125, 142, 70, 193, 257, 62, 159, 89, 186, 42, 179, 260, 117, 67, 196, 123, 138, 258, 57, 114, 224, 223, 264, 287, 109, 100, 252, 193, 26, 166, 280, 338, 43, 177, 272, 277, 295, 109, 15, 4, 139, 230, 87, 239, 267, 83, 104, 243, 185, 126, 277, 168, 24, 131, 76, 155, 279, 349, 301, 221, 79, 219, 309, 326, 345, 348, 305, 190, 45, 111, 32, 107, 124, 223, 57, 271, 249, 325, 271, 86, 47, 0, 47, 78, 0, 0, 62, 110, 151, 206, 164, 70, 16, 148, 230, 272, 265, 48, 0, 135, 253, 319, 323, 175, 85, 210, 119, 75, 10, 47, 23, 0, 4, 266, 223, 55, 180, 137, 134, 24, 24, 24, 24, 24, 24, 24, 24, 24, 24, 24, 24, 24, 24, 24, 24, 24, 24, 96, 110, 81, 59
15, 99, 125, 41, 56, 81, 35, 120, 47, 30, 116, 77, 73, 20, 83, 39, 73, 73, 45, 45, 132, 132, 28, 28, 153, 153, 153, 233, 233, 233, 80, 80, 80, 178, 178, 178, 70, 70, 70, 244, 244, 244, 279, 279, 279, 273, 273, 273, 236, 236, 236, 206, 206, 206, 186, 186, 186, 245, 245, 245, 225, 225, 225, 198, 198, 198, 317, 317, 317, 320, 320, 320, 294, 294, 294, 152, 152, 152, 169, 169, 169, 254, 254, 254, 111, 111, 111, 117, 117, 117, 202, 202, 202, 197, 197, 197, 235, 235, 235, 65, 65, 65, 58, 58, 58, 38, 38, 38, 0, 0, 0, 0, 0, 0, 197, 197, 197, 43, 43, 43, 43, 43, 43, 43, 43, 43, 43, 63, 63, 77, 77, 84, 208, 208, 208, 150, 150, 150, 124, 124, 124, 124, 124, 124
69, 78, 73, 84, 92, 78, 127, 174, 152, 144, 136, 124, 77, 107, 110, 132, 161, 142, 0, 160, 184, 184, 230, 159, 130, 199, 199, 211, 222, 222, 148, 243, 151, 124, 190, 221, 194, 172, 146, 219, 240, 204, 128, 0, 287, 290, 275, 0, 0, 69, 219, 214, 358, 0, 214, 359, 411, 371, 347, 373, 198, 188, 309, 208, 175, 210, 142, 144, 258, 332, 233, 194, 145, 173, 197, 105, 116, 170, 230, 197, 64, 28, 173, 154, 89, 86, 106, 90, 100, 0, 0, 0, 0, 136, 184, 280, 284, 214, 95, 123, 66, 67, 149, 397, 116, 37, 180, 325, 99, 44, 26, 34, 59, 49, 47, 245, 43, 50, 45, 24, 24, 192, 192, 99, 99, 45, 163, 33, 39, 171, 51, 51, 51, 51, 165, 327, 242, 124
0, 0, 106, 133, 124, 87, 169, 103, 153, 193, 181, 147, 158, 201, 228, 211, 100, 124, 203, 164, 273, 262, 201, 161, 268, 356, 355, 276, 0, 141, 276, 347, 334, 184, 157, 262, 266, 133, 257, 319, 293, 143, 260, 281, 272, 178, 306, 396, 319, 338, 335, 337, 347, 368, 208, 173, 265, 171, 213, 24, 121, 259, 291, 311, 0, 155, 283, 259, 129, 138, 233, 260, 266, 0, 112, 205, 270, 268, 247, 156, 125, 145, 205, 109, 0, 0, 0, 156, 230, 225, 214, 214, 99, 129, 0, 69, 85, 151, 64, 144, 21, 111, 84, 29, 56, 24, 16, 79, 23, 62, 98, 31, 52, 74, 60, 47, 35, 99, 35, 67, 67, 67, 325, 6, 6, 6, 6, 6, 6, 6, 6, 6, 6, 6, 6, 6, 6, 6, 6, 6, 6, 6, 6
111, 98, 46, 142, 54, 54, 54, 89, 93, 88, 121, 125, 64, 41, 33, 107, 47, 40, 121, 77, 9, 9, 122, 122, 144, 144, 119, 119, 119, 131, 131, 131, 178, 178, 178, 174, 174, 174, 181, 181, 181, 212, 212, 212, 207, 207, 207, 157, 157, 157, 226, 226, 226, 171, 171, 171, 246, 246, 246, 229, 229, 229, 110, 110, 110, 165, 165, 165, 269, 269, 269, 293, 293, 293, 333, 333, 333, 233, 233, 233, 103, 103, 103, 166, 166, 166, 49, 49, 49, 0, 0, 0, 0, 0, 0, 0, 0, 0, 202, 202, 202, 108, 108, 108, 246, 246, 246, 241, 241, 241, 129, 129, 129, 142, 142, 142, 0, 0, 0, 0, 0, 0, 311, 311, 311, 72, 72, 72, 53, 141, 141, 136, 136, 136, 144, 144, 144, 169, 169, 87, 126, 126, 126, 126, 126, 126, 20
46, 36, 106, 146, 122, 68, 90, 167, 97, 209, 241, 217, 72, 128, 177, 226, 211, 110, 0, 13, 135, 182, 157, 257, 233, 237, 7, 155, 234, 158, 258, 283, 200, 164, 218, 241, 206, 250, 262, 282, 303, 267, 145, 248, 279, 292, 0, 0, 172, 266, 187, 277, 128, 157, 280, 285, 283, 215, 168, 277, 243, 284, 241, 276, 278, 284, 0, 151, 264, 246, 256, 173, 277, 182, 242, 170, 11, 98, 179, 259, 193, 121, 95, 232, 300, 132, 186, 288, 154, 162, 168, 150, 0, 0, 0, 162, 272, 304, 261, 163, 146, 0, 36, 36, 36, 36, 36, 36, 36, 142, 25, 249, 14, 128, 82, 47, 86, 93, 95, 43, 42, 56, 26, 79, 75, 45, 37, 64, 64, 64, 14, 29, 40, 176, 176, 44, 44, 70, 135
323, 323, 157, 85, 85, 85, 128, 53, 53, 53, 92, 66, 147, 66, 64, 57, 72, 89, 119, 41, 80, 155, 69, 129, 216, 232, 194, 0, 70, 98, 171, 283, 110, 109, 188, 80, 246, 250, 249, 220, 202, 255, 307, 289, 117, 0, 173, 295, 334, 118, 188, 158, 170, 301, 271, 216, 219, 182, 294, 199, 0, 0, 130, 256, 152, 265, 250, 162, 113, 242, 304, 296, 333, 356, 280, 109, 83, 21, 172, 260, 74, 192, 178, 97, 207, 231, 195, 224, 73, 0, 0, 0, 0, 0, 0, 84, 0, 0, 0, 50, 143, 260, 241, 106, 70, 257, 340, 273, 156, 322, 215, 232, 169, 0, 67, 189, 156, 105, 0, 78, 13, 25, 34, 0, 123, 278, 258, 184, 143, 40, 282, 282, 282, 34, 27, 61, 45, 52, 83, 21, 62, 84
59, 0, 0, 0, 0, 0, 0, 0, 0, 0, 0, 0, 0, 0, 0, 0, 0, 0, 0, 0, 0, 0, 0, 0, 0, 0, 0, 0, 0, 0, 0, 0, 0, 0, 0, 0, 0, 44, 0, 0, 0, 82, 89, 87, 75, 74, 100, 162, 179, 250, 246, 158, 124, 238, 212, 145, 200, 102, 231, 165, 208, 0, 192, 235, 235, 240, 236, 228, 183, 236, 227, 210, 79, 146, 197, 247, 234, 227, 0, 194, 176, 166, 326, 251, 190, 223, 260, 316, 138, 120, 181, 241, 295, 258, 208, 302, 296, 309, 323, 334, 322, 267, 143, 219, 245, 221, 148, 196, 309, 200, 164, 107, 0, 0, 0, 0, 0, 0, 0, 0, 173, 230, 196, 174, 53, 266, 372, 253, 130, 83, 276, 412, 366, 190, 82, 189, 156, 111, 0, 111, 0, 0, 0, 227, 356, 178, 243, 261, 153, 18, 169, 27, 85, 95, 65, 13, 57, 16, 59, 0, 30, 52, 52, 154, 154, 125, 138, 51, 34, 27, 57
138, 138, 138, 138, 169, 25, 42, 26, 27, 22, 26, 110, 79, 183, 91, 105, 201, 84, 234, 299, 171, 0, 15, 160, 211, 290, 136, 117, 226, 47, 115, 136, 197, 78, 209, 115, 131, 275, 214, 124, 276, 137, 218, 322, 338, 74, 197, 291, 141, 136, 256, 103, 30, 0, 18, 189, 311, 328, 118, 156, 248, 281, 308, 161, 67, 80, 219, 339, 355, 233, 126, 136, 306, 312, 325, 287, 107, 52, 191, 291, 307, 186, 210, 253, 221, 164, 135, 32, 31, 9, 0, 10, 4, 18, 0, 43, 75, 119, 225, 236, 24, 0, 38, 211, 311, 291, 220, 63, 236, 280, 285, 133, 80, 0, 74, 86, 136, 154, 84, 73, 61, 9, 42, 0, 0, 12, 0, 0, 0, 177, 165, 201, 174, 198, 198, 198, 198, 198, 120, 120, 120, 120, 11, 11, 11, 11, 11, 11, 11, 11, 11, 11, 11, 11, 11, 11, 11
0, 0, 0, 0, 0, 0, 0, 137, 183, 126, 100, 174, 133, 154, 176, 143, 109, 89, 186, 155, 221, 187, 208, 278, 231, 157, 218, 161, 271, 281, 159, 263, 297, 158, 119, 148, 228, 158, 243, 0, 0, 0, 157, 271, 312, 158, 224, 165, 133, 270, 350, 349, 272, 322, 373, 380, 338, 351, 286, 104, 0, 98, 165, 186, 127, 187, 0, 149, 239, 329, 333, 163, 163, 268, 232, 129, 224, 285, 289, 0, 102, 166, 277, 322, 151, 159, 143, 159, 225, 186, 0, 161, 274, 276, 139, 108, 147, 140, 223, 144, 33, 33, 105, 88, 31, 85, 107, 63, 59, 28, 105, 39, 28, 72, 20, 78, 29, 29, 29, 29, 41, 78, 66, 122, 122, 100, 100, 157, 100, 73, 37, 43, 36, 39, 85, 160, 349, 284, 0
47, 0, 0, 0, 0, 131, 154, 96, 37, 91, 149, 189, 179, 166, 0, 153, 197, 0, 0, 206, 202, 321, 210, 342, 194, 322, 374, 181, 302, 306, 185, 176, 191, 310, 263, 194, 268, 261, 231, 0, 152, 207, 214, 270, 132, 164, 319, 260, 270, 311, 302, 290, 306, 284, 279, 262, 98, 187, 305, 312, 224, 104, 224, 222, 201, 125, 0, 74, 0, 0, 0, 0, 0, 0, 0, 0, 0, 0, 147, 223, 179, 153, 130, 0, 158, 257, 283, 205, 86, 0, 86, 184, 241, 253, 280, 98, 142, 120, 60, 0, 0, 0, 132, 153, 183, 301, 161, 190, 130, 91, 95, 127, 137, 79, 54, 175, 62, 71, 49, 69, 45, 52, 26, 33, 228, 36, 104, 104, 206, 206, 90, 90, 183, 183, 46, 35, 26, 26, 46, 127, 127, 115, 115, 118, 176
145, 253, 228, 211, 171, 176, 143, 134, 103, 67, 0, 104, 115, 174, 179, 143, 107, 149, 141, 177, 291, 222, 283, 281, 326, 169, 285, 238, 159, 265, 305, 294, 287, 261, 138, 223, 145, 243, 261, 276, 16, 177, 253, 173, 276, 157, 75, 112, 230, 283, 293, 234, 211, 250, 261, 258, 269, 276, 276, 268, 231, 162, 168, 253, 165, 226, 162, 278, 264, 204, 0, 0, 0, 0, 0, 0, 0, 0, 0, 0, 0, 0, 0, 0, 0, 0, 115, 182, 232, 193, 0, 15, 128, 141, 284, 186, 186, 315, 342, 306, 148, 126, 125, 132, 133, 61, 0, 0, 0, 0, 96, 195, 277, 240, 163, 166, 144, 69, 18, 122, 43, 43, 41, 129, 48, 24, 34, 37, 83, 38, 71, 23, 89, 89, 36, 36, 141, 141, 52, 137, 150, 116
138, 167, 111, 175, 26, 159, 110, 23, 143, 27, 27, 27, 27, 27, 27, 27, 27, 27, 27, 27, 27, 48, 19, 166, 166, 7, 7, 38, 38, 38, 233, 233, 53, 53, 53, 133, 133, 133, 163, 163, 163, 197, 197, 197, 122, 122, 122, 182, 182, 182, 236, 236, 236, 251, 251, 251, 200, 200, 200, 247, 247, 247, 207, 207, 207, 180, 180, 180, 217, 217, 217, 202, 202, 202, 112, 112, 112, 234, 234, 234, 267, 267, 267, 277, 277, 277, 189, 189, 189, 173, 173, 173, 89, 89, 89, 224, 224, 224, 233, 233, 233, 195, 195, 195, 102, 102, 102, 187, 187, 187, 116, 116, 116, 0, 0, 0, 0, 0, 0, 0, 0, 0, 0, 0, 0, 0, 0, 0, 0, 0, 0, 0, 0, 0, 215, 215, 215, 174, 174, 174, 48, 126, 126, 126, 51, 64, 89, 89, 134, 134, 134, 134, 14, 103, 106, 145, 380, 189
35, 7, 54, 87, 192, 107, 151, 204, 209, 217, 207, 177, 54, 71, 150, 156, 50, 157, 187, 199, 200, 156, 42, 169, 218, 208, 212, 217, 175, 137, 39, 152, 273, 270, 251, 232, 179, 222, 154, 18, 0, 54, 0, 0, 39, 165, 262, 274, 232, 91, 0, 5, 99, 229, 169, 130, 323, 203, 6, 61, 138, 270, 241, 299, 270, 317, 325, 315, 369, 387, 368, 189, 55, 189, 280, 73, 216, 180, 123, 263, 347, 313, 47, 0, 0, 124, 56, 162, 304, 312, 83, 210, 299, 258, 34, 113, 53, 214, 261, 261, 230, 145, 134, 182, 201, 67, 95, 0, 0, 91, 234, 301, 291, 295, 159, 17, 7, 7, 7, 7, 7, 7, 7, 7, 7, 7, 7, 7, 7, 7, 7, 7, 7, 7, 7, 7, 7, 7, 7, 7, 7, 116, 116, 116, 116, 116, 116, 116, 116, 116, 116, 116, 116, 116
159, 162, 122, 76, 110, 153, 87, 98, 26, 83, 41, 43, 33, 99, 99, 103, 103, 121, 121, 0, 0, 0, 85, 85, 85, 154, 154, 154, 131, 131, 131, 174, 174, 174, 187, 187, 187, 211, 211, 211, 230, 230, 230, 213, 213, 213, 182, 182, 182, 262, 262, 262, 240, 240, 240, 199, 199, 199, 119, 119, 119, 93, 93, 93, 251, 251, 251, 255, 255, 255, 247, 247, 247, 301, 301, 301, 226, 226, 226, 162, 162, 162, 194, 194, 194, 215, 215, 215, 155, 155, 155, 230, 230, 230, 216, 216, 216, 184, 184, 184, 186, 186, 186, 159, 159, 159, 73, 73, 73, 232, 232, 232, 93, 93, 93, 70, 70, 70, 70, 70, 70, 18, 16, 16, 16, 16, 16, 16, 16, 16, 93, 93, 87, 87, 87, 115, 115, 115, 115
121, 145, 50, 50, 50, 37, 35, 111, 24, 187, 77, 24, 69, 49, 63, 43, 41, 40, 24, 53, 28, 92, 29, 74, 74, 113, 113, 81, 81, 132, 132, 132, 119, 119, 119, 111, 111, 111, 160, 160, 160, 197, 197, 197, 72, 72, 72, 195, 195, 195, 221, 221, 221, 150, 150, 150, 246, 246, 246, 283, 283, 283, 111, 111, 111, 237, 237, 237, 167, 167, 167, 195, 195, 195, 270, 270, 270, 227, 227, 227, 252, 252, 252, 286, 286, 286, 220, 220, 220, 216, 216, 216, 197, 197, 197, 196, 196, 196, 148, 148, 148, 220, 220, 220, 198, 198, 198, 158, 158, 158, 15, 15, 15, 0, 0, 0, 91, 91, 91, 177, 177, 177, 48, 48, 48, 24, 24, 24, 152, 152, 152, 157, 157, 157, 84, 135, 135, 135, 124, 124, 124, 124, 60, 43, 127
66, 86, 79, 87, 96, 98, 69, 77, 107, 137, 123, 162, 147, 145, 127, 119, 154, 163, 165, 164, 155, 130, 189, 143, 193, 187, 166, 199, 181, 190, 181, 175, 178, 178, 177, 165, 0, 145, 206, 203, 193, 190, 184, 162, 214, 220, 187, 106, 164, 218, 228, 234, 156, 226, 160, 235, 219, 113, 165, 254, 273, 279, 221, 250, 251, 266, 269, 261, 255, 258, 294, 221, 104, 161, 236, 245, 247, 0, 0, 180, 267, 267, 238, 0, 0, 150, 192, 291, 182, 0, 145, 277, 279, 112, 0, 0, 144, 268, 336, 281, 170, 132, 268, 172, 110, 0, 0, 0, 95, 244, 344, 354, 279, 11, 125, 153, 87, 40, 26, 44, 82, 105, 13, 14, 14, 14, 14, 14, 14, 14, 14, 14, 14, 14, 14, 14, 76, 22, 47, 27, 60, 37, 60, 90, 90, 100
39, 44, 5, 5, 5, 0, 0, 0, 166, 174, 144, 161, 144, 212, 345, 251, 211, 289, 206, 132, 208, 203, 271, 200, 198, 245, 235, 240, 257, 258, 0, 206, 282, 334, 206, 291, 292, 246, 204, 186, 218, 282, 115, 140, 186, 221, 157, 273, 222, 0, 90, 139, 232, 236, 248, 235, 221, 194, 98, 209, 289, 269, 303, 302, 243, 233, 237, 230, 176, 253, 355, 256, 115, 0, 121, 181, 235, 118, 177, 0, 215, 352, 315, 187, 226, 266, 291, 263, 0, 198, 283, 173, 113, 0, 0, 0, 0, 217, 164, 95, 102, 102, 39, 0, 60, 44, 0, 58, 34, 43, 59, 63, 47, 0, 0, 139, 48, 38, 16, 123, 22, 47, 98, 87, 58, 26, 29, 24, 21, 55, 43, 55, 29, 55, 48, 27, 27, 27, 27, 27, 27, 27, 27, 27, 33, 117, 83, 59, 120, 120, 120
0, 0, 0, 96, 114, 99, 111, 119, 145, 131, 171, 217, 212, 184, 192, 201, 204, 186, 110, 175, 145, 197, 205, 147, 189, 189, 202, 208, 195, 178, 193, 187, 82, 100, 202, 215, 219, 215, 206, 203, 203, 196, 205, 120, 167, 220, 223, 266, 240, 171, 264, 286, 252, 81, 152, 234, 296, 280, 259, 179, 203, 287, 271, 316, 315, 321, 0, 165, 263, 164, 214, 250, 185, 288, 279, 212, 111, 217, 262, 220, 104, 0, 0, 135, 190, 270, 211, 227, 188, 199, 166, 275, 166, 16, 130, 197, 236, 139, 0, 122, 217, 228, 228, 206, 184, 162, 0, 66, 102, 100, 18, 16, 101, 107, 26, 62, 35, 47, 27, 6, 6, 6, 6, 6, 6, 6, 6, 6, 6, 6, 6, 6, 6, 64, 178, 178, 37, 48, 48, 48, 48
141, 13, 27, 22, 132, 28, 77, 53, 99, 81, 103, 103, 106, 106, 96, 96, 96, 105, 105, 105, 160, 160, 160, 138, 138, 138, 171, 171, 171, 97, 97, 97, 174, 174, 174, 204, 204, 204, 208, 208, 208, 172, 172, 172, 197, 197, 197, 194, 194, 194, 121, 121, 121, 232, 232, 232, 122, 122, 122, 184, 184, 184, 197, 197, 197, 270, 270, 270, 234, 234, 234, 266, 266, 266, 245, 245, 245, 167, 167, 167, 188, 188, 188, 226, 226, 226, 124, 124, 124, 222, 222, 222, 186, 186, 186, 184, 184, 184, 219, 219, 219, 108, 108, 108, 112, 112, 112, 237, 237, 237, 221, 221, 221, 177, 177, 153, 153, 111, 111, 111, 111, 42, 107, 85, 222, 6, 6, 6, 6, 6, 6, 6, 6, 6, 6, 6, 6, 6, 6, 6, 6, 6, 6, 6, 6, 6, 6, 6, 6
44, 44, 182, 156, 65, 157, 146, 223, 313, 201, 73, 181, 225, 225, 106, 90, 97, 194, 214, 261, 169, 141, 66, 175, 182, 179, 199, 245, 261, 108, 0, 160, 222, 257, 242, 172, 287, 207, 191, 257, 117, 259, 289, 273, 128, 171, 243, 208, 281, 102, 131, 200, 291, 332, 302, 206, 293, 262, 278, 282, 279, 250, 184, 88, 193, 254, 205, 207, 191, 291, 166, 193, 125, 0, 103, 169, 154, 150, 139, 0, 0, 0, 0, 0, 124, 191, 270, 174, 118, 0, 0, 116, 145, 137, 86, 45, 88, 104, 118, 90, 66, 119, 50, 0, 0, 0, 0, 0, 115, 115, 133, 169, 215, 183, 157, 162, 178, 84, 155, 208, 87, 130, 128, 80, 49, 190, 17, 17, 29, 27, 28, 31, 67, 72, 81, 28, 56, 81, 104, 104, 42, 42, 159, 159, 159
71, 13, 8, 33, 83, 164, 80, 161, 68, 10, 93, 33, 24, 25, 30, 62, 109, 94, 38, 63, 103, 103, 13, 13, 127, 127, 77, 77, 170, 170, 170, 206, 206, 206, 75, 75, 75, 112, 112, 112, 188, 188, 188, 199, 199, 199, 282, 282, 282, 272, 272, 272, 218, 218, 218, 203, 203, 203, 246, 246, 246, 231, 231, 231, 259, 259, 259, 283, 283, 283, 299, 299, 299, 226, 226, 226, 212, 212, 212, 245, 245, 245, 166, 166, 166, 196, 196, 196, 96, 96, 96, 195, 195, 195, 205, 205, 205, 104, 104, 104, 98, 98, 98, 88, 88, 88, 201, 201, 201, 202, 202, 127, 127, 152, 152, 54, 69, 45, 153, 153, 73, 73, 69, 69, 69, 69, 50, 50, 50, 50, 50, 92, 131, 131, 131, 131, 131, 131, 7
169, 167, 226, 226, 32, 91, 141, 183, 81, 175, 192, 220, 263, 180, 176, 207, 187, 220, 224, 284, 241, 207, 19, 78, 240, 254, 284, 171, 24, 73, 220, 277, 289, 290, 276, 275, 250, 65, 127, 208, 251, 249, 167, 112, 111, 258, 312, 257, 141, 137, 97, 224, 279, 317, 188, 288, 312, 285, 297, 195, 75, 58, 40, 202, 269, 274, 38, 238, 269, 61, 218, 204, 131, 50, 34, 202, 216, 168, 57, 71, 135, 191, 187, 171, 188, 94, 88, 139, 242, 250, 237, 176, 103, 71, 161, 183, 76, 33, 19, 35, 42, 77, 8, 16, 51, 124, 141, 157, 192, 151, 71, 168, 54, 115, 118, 53, 43, 43, 43, 43, 43, 43, 43, 43, 43, 43, 43, 43, 26, 26, 26, 26, 26, 26, 26, 26, 129, 264, 264, 264
135, 150, 70, 107, 127, 134, 199, 186, 92, 148, 0, 153, 252, 169, 0, 153, 174, 14, 111, 216, 193, 172, 163, 98, 218, 160, 237, 261, 250, 159, 247, 251, 239, 163, 163, 163, 204, 167, 241, 143, 217, 243, 248, 188, 0, 129, 202, 156, 280, 146, 224, 327, 371, 275, 268, 314, 290, 321, 337, 293, 246, 232, 136, 183, 252, 177, 232, 0, 138, 282, 184, 154, 233, 199, 150, 0, 0, 108, 183, 225, 165, 118, 295, 295, 132, 106, 178, 253, 194, 0, 67, 172, 301, 219, 219, 72, 43, 82, 147, 83, 33, 69, 81, 121, 120, 78, 23, 59, 52, 39, 72, 91, 21, 21, 21, 21, 21, 21, 21, 21, 21, 21, 21, 21, 122, 122, 121, 121, 140, 140, 189, 189, 36, 45, 117, 117, 30, 46, 31, 194, 257
49, 0, 0, 0, 151, 189, 100, 115, 201, 177, 175, 155, 158, 161, 169, 172, 171, 173, 149, 161, 156, 167, 179, 164, 146, 160, 110, 131, 182, 143, 187, 186, 177, 177, 159, 0, 136, 178, 172, 166, 182, 218, 213, 177, 280, 296, 79, 139, 257, 261, 275, 220, 298, 299, 222, 198, 254, 282, 288, 270, 227, 80, 201, 215, 184, 208, 247, 272, 263, 242, 185, 124, 196, 239, 197, 197, 193, 192, 193, 198, 222, 170, 206, 206, 158, 120, 127, 157, 227, 240, 215, 0, 136, 214, 227, 241, 242, 180, 196, 232, 167, 143, 0, 0, 113, 217, 258, 250, 199, 167, 158, 89, 16, 47, 29, 91, 30, 77, 143, 134, 134, 56, 36, 37, 5, 5, 5, 5, 5, 5, 5, 5, 5, 5, 5, 5, 5, 5, 5, 5, 5, 5, 5, 5, 5, 5, 5, 5, 5, 5, 5, 5, 5, 5, 5, 5, 5
74, 250, 134, 41, 46, 58, 84, 126, 165, 106, 52, 151, 165, 221, 218, 205, 77, 0, 35, 37, 155, 287, 263, 25, 62, 170, 183, 69, 112, 189, 138, 114, 234, 205, 188, 107, 238, 275, 307, 101, 88, 243, 282, 227, 130, 89, 216, 198, 49, 209, 213, 34, 118, 232, 75, 203, 295, 147, 83, 81, 233, 126, 137, 276, 245, 141, 56, 217, 324, 362, 278, 257, 325, 251, 254, 272, 252, 246, 257, 138, 97, 20, 121, 251, 112, 129, 36, 230, 275, 198, 176, 145, 121, 57, 233, 172, 135, 210, 311, 290, 134, 224, 156, 35, 230, 287, 145, 102, 106, 112, 46, 55, 3, 58, 70, 59, 9, 7, 11, 40, 7, 0, 0, 25, 119, 233, 322, 310, 46, 128, 147, 29, 90, 90, 90, 152, 152, 20, 20, 20, 20, 20, 20, 20, 20, 20
0, 0, 0, 0, 0, 0, 0, 0, 0, 61, 84, 88, 88, 64, 159, 134, 132, 242, 240, 159, 0, 0, 194, 323, 247, 155, 244, 91, 268, 236, 93, 246, 271, 268, 255, 248, 220, 185, 43, 120, 309, 373, 138, 230, 353, 327, 207, 0, 173, 319, 375, 182, 0, 179, 274, 116, 310, 289, 230, 315, 324, 296, 178, 206, 335, 345, 321, 346, 292, 214, 118, 129, 252, 183, 202, 134, 100, 0, 0, 0, 0, 0, 0, 0, 0, 212, 308, 242, 218, 117, 225, 263, 199, 0, 208, 333, 312, 58, 131, 244, 280, 262, 119, 142, 0, 41, 81, 131, 121, 85, 74, 87, 89, 46, 0, 0, 0, 159, 229, 196, 145, 70, 44, 197, 55, 49, 26, 17, 23, 133, 67, 61, 0, 0, 161, 161, 157, 157, 33, 65, 53, 40, 23
72, 86, 114, 145, 106, 157, 143, 184, 191, 194, 130, 0, 163, 140, 199, 190, 0, 147, 178, 152, 247, 208, 238, 165, 278, 294, 276, 0, 124, 200, 234, 171, 160, 187, 241, 209, 0, 0, 169, 247, 293, 280, 163, 184, 158, 269, 242, 144, 231, 257, 283, 235, 208, 170, 273, 231, 246, 261, 267, 246, 224, 168, 0, 0, 167, 262, 276, 133, 199, 301, 211, 151, 138, 0, 96, 172, 261, 222, 127, 162, 228, 266, 215, 88, 169, 279, 302, 230, 104, 0, 171, 139, 131, 0, 0, 0, 175, 259, 253, 253, 253, 158, 280, 12, 33, 134, 159, 18, 18, 18, 18, 18, 18, 18, 18, 18, 52, 73, 110, 28, 47, 43, 80, 87, 115, 32, 27, 23, 67, 33, 228, 228, 84, 63, 40, 199, 199, 63, 192
33, 33, 33, 33, 33, 33, 33, 231, 44, 43, 30, 28, 54, 87, 106, 131, 73, 56, 65, 145, 104, 123, 206, 216, 187, 177, 215, 237, 171, 2, 66, 99, 194, 171, 238, 134, 194, 118, 224, 238, 233, 216, 197, 190, 38, 3, 94, 222, 265, 248, 249, 244, 110, 90, 176, 188, 39, 4, 26, 0, 77, 217, 263, 245, 207, 19, 33, 68, 160, 254, 104, 282, 305, 136, 82, 250, 342, 334, 231, 269, 228, 235, 255, 331, 326, 251, 205, 105, 2, 137, 249, 242, 79, 234, 88, 77, 271, 350, 285, 118, 0, 0, 74, 245, 250, 224, 186, 259, 295, 276, 48, 101, 81, 238, 261, 277, 185, 209, 215, 153, 6, 0, 9, 24, 0, 0, 0, 53, 171, 66, 192, 262, 222, 98, 23, 180, 132, 132, 132, 63
46, 49, 51, 49, 82, 190, 147, 131, 277, 351, 323, 45, 0, 98, 241, 314, 198, 112, 146, 218, 286, 177, 264, 309, 348, 330, 263, 284, 248, 234, 223, 224, 214, 203, 164, 20, 0, 0, 30, 176, 280, 303, 255, 232, 278, 101, 217, 272, 179, 37, 116, 222, 273, 266, 204, 235, 232, 241, 259, 270, 271, 222, 119, 175, 220, 236, 240, 163, 34, 174, 236, 226, 224, 201, 115, 51, 176, 224, 202, 66, 33, 160, 235, 230, 210, 133, 27, 77, 115, 169, 140, 175, 208, 194, 163, 40, 138, 194, 193, 132, 3, 0, 0, 114, 201, 185, 193, 190, 111, 22, 22, 22, 22, 22, 22, 22, 22, 22, 22, 22, 22, 22, 22, 22, 22, 22, 22, 22, 22, 22, 22, 22, 22, 22, 22, 22, 22, 22, 22, 255, 69, 26, 26, 267, 170, 170
46, 54, 58, 64, 87, 115, 109, 83, 142, 160, 129, 131, 128, 122, 130, 96, 0, 0, 177, 218, 232, 179, 0, 0, 154, 212, 221, 141, 224, 207, 178, 188, 175, 194, 199, 196, 201, 148, 150, 188, 187, 189, 199, 181, 175, 191, 312, 171, 180, 287, 203, 0, 178, 222, 189, 314, 263, 192, 314, 349, 317, 278, 272, 270, 261, 277, 320, 271, 235, 188, 164, 238, 240, 249, 0, 209, 296, 279, 213, 259, 183, 146, 185, 229, 124, 163, 164, 115, 129, 151, 0, 0, 0, 0, 88, 158, 214, 191, 127, 260, 235, 0, 13, 130, 218, 213, 235, 230, 238, 140, 0, 100, 141, 72, 111, 76, 114, 71, 63, 30, 67, 54, 170, 40, 31, 31, 31, 31, 31, 31, 31, 50, 32, 32, 61, 55, 159, 306
78, 116, 168, 93, 89, 177, 175, 200, 183, 164, 160, 210, 214, 196, 152, 177, 156, 157, 154, 134, 139, 156, 133, 169, 147, 191, 187, 193, 191, 123, 121, 102, 182, 211, 216, 208, 202, 200, 145, 165, 251, 197, 116, 179, 261, 247, 178, 237, 185, 288, 197, 225, 225, 225, 225, 225, 268, 187, 318, 264, 297, 273, 305, 233, 182, 146, 252, 205, 174, 185, 117, 206, 296, 186, 226, 91, 0, 25, 178, 215, 190, 98, 0, 0, 151, 154, 301, 322, 175, 196, 322, 300, 150, 122, 176, 198, 192, 87, 0, 0, 0, 147, 152, 229, 183, 167, 183, 134, 116, 145, 112, 128, 19, 55, 97, 26, 116, 17, 60, 84, 41, 80, 16, 45, 65, 32, 59, 52, 65, 65, 104, 0, 18, 18, 18, 18, 18, 18, 18, 18, 18, 18
0, 85, 95, 127, 126, 112, 128, 127, 136, 199, 225, 197, 150, 154, 151, 237, 183, 142, 172, 168, 200, 221, 198, 139, 202, 230, 206, 137, 201, 145, 240, 236, 212, 158, 239, 150, 139, 147, 223, 186, 291, 331, 306, 164, 242, 20, 274, 251, 171, 290, 331, 264, 216, 249, 266, 210, 255, 277, 246, 263, 225, 241, 210, 231, 172, 158, 173, 167, 240, 178, 268, 0, 158, 247, 270, 0, 137, 163, 251, 232, 155, 136, 225, 221, 245, 262, 185, 145, 127, 220, 193, 152, 176, 223, 258, 226, 157, 0, 0, 176, 10, 130, 111, 30, 107, 85, 82, 80, 29, 27, 50, 76, 24, 32, 30, 39, 79, 51, 21, 21, 21, 21, 21, 21, 21, 21, 21, 21, 21, 21, 21, 21, 21, 21, 21, 21, 21, 21, 21, 21, 102, 102, 59, 30, 174
103, 143, 146, 89, 113, 151, 145, 233, 265, 156, 230, 244, 151, 0, 0, 156, 162, 206, 218, 196, 116, 158, 227, 236, 226, 252, 259, 0, 162, 281, 299, 266, 256, 262, 159, 226, 165, 257, 271, 260, 0, 171, 247, 181, 280, 233, 124, 165, 253, 283, 277, 218, 289, 278, 258, 261, 244, 259, 260, 264, 151, 127, 239, 241, 167, 203, 0, 0, 186, 297, 323, 224, 174, 252, 217, 182, 245, 278, 234, 138, 182, 231, 241, 205, 176, 0, 137, 133, 155, 168, 120, 168, 139, 199, 206, 228, 233, 113, 73, 180, 130, 13, 13, 13, 13, 13, 13, 13, 13, 13, 13, 13, 13, 13, 13, 175, 96, 186, 91, 23, 23, 58, 61, 77, 99, 66, 18, 18, 18, 18, 18, 18, 18, 43, 58, 58, 40, 138
153, 206, 221, 216, 157, 0, 0, 0, 0, 0, 0, 0, 0, 0, 0, 0, 0, 0, 173, 335, 266, 302, 342, 129, 0, 154, 138, 0, 0, 0, 0, 0, 0, 0, 0, 0, 0, 0, 0, 0, 0, 0, 0, 0, 0, 0, 0, 0, 121, 200, 258, 230, 113, 134, 226, 227, 260, 288, 289, 252, 295, 312, 316, 301, 311, 292, 204, 242, 271, 300, 0, 0, 125, 216, 252, 282, 288, 304, 320, 273, 283, 278, 321, 306, 286, 331, 338, 284, 228, 0, 141, 243, 295, 279, 217, 290, 325, 302, 0, 122, 211, 273, 167, 179, 253, 254, 228, 137, 186, 245, 291, 288, 157, 123, 129, 130, 134, 136, 0, 0, 0, 0, 113, 168, 165, 135, 233, 228, 129, 182, 150, 121, 135, 27, 23, 105, 94, 37, 85, 27, 4, 4, 55
167, 47, 20, 127, 94, 46, 88, 23, 61, 72, 100, 46, 89, 84, 37, 35, 28, 45, 118, 118, 66, 66, 81, 81, 102, 102, 137, 137, 137, 156, 156, 156, 258, 258, 258, 193, 193, 193, 213, 213, 213, 248, 248, 248, 230, 230, 230, 201, 201, 201, 112, 112, 112, 185, 185, 185, 222, 222, 222, 221, 221, 221, 229, 229, 229, 276, 276, 276, 258, 258, 258, 285, 285, 285, 200, 200, 200, 201, 201, 201, 223, 223, 223, 152, 152, 152, 93, 93, 93, 140, 140, 140, 153, 153, 153, 160, 160, 160, 194, 194, 194, 141, 141, 141, 119, 119, 119, 20, 20, 20, 4, 4, 4, 206, 206, 206, 252, 252, 252, 143, 143, 70, 70, 111, 111, 111, 87, 87, 87, 87, 87, 87, 87, 87, 87, 87, 87, 87
31, 155, 95, 154, 53, 126, 44, 51, 29, 8, 8, 8, 8, 8, 8, 8, 8, 8, 8, 8, 8, 8, 8, 8, 8, 8, 8, 8, 8, 8, 8, 8, 142, 142, 36, 112, 112, 11, 11, 122, 122, 122, 147, 147, 147, 195, 195, 195, 168, 168, 168, 164, 164, 164, 247, 247, 247, 204, 204, 204, 249, 249, 249, 273, 273, 273, 248, 248, 248, 157, 157, 157, 232, 232, 232, 179, 179, 179, 205, 205, 205, 251, 251, 251, 212, 212, 212, 245, 245, 245, 190, 190, 190, 204, 204, 204, 153, 153, 153, 232, 232, 232, 203, 203, 203, 214, 214, 214, 195, 195, 195, 208, 208, 208, 174, 174, 174, 201, 201, 201, 153, 153, 153, 186, 186, 186, 173, 173, 17, 17, 134, 134, 100, 100, 100, 100, 103, 103, 103, 103, 103, 103, 103, 104
68, 116, 31, 18, 267, 95, 25, 95, 95, 79, 73, 73, 170, 170, 170, 170, 170, 54, 54, 54, 150, 150, 150, 182, 182, 182, 205, 205, 205, 86, 86, 86, 165, 165, 165, 187, 187, 187, 256, 256, 256, 208, 208, 208, 218, 218, 218, 195, 195, 195, 251, 251, 251, 223, 223, 223, 233, 233, 233, 213, 213, 213, 272, 272, 272, 245, 245, 245, 234, 234, 234, 162, 162, 162, 163, 163, 163, 228, 228, 228, 193, 193, 193, 248, 248, 248, 236, 236, 236, 194, 194, 194, 174, 174, 174, 175, 175, 175, 118, 118, 38, 78, 78, 78, 62, 62, 62, 12, 12, 12, 12, 12, 12, 12, 12, 12, 12, 12, 12, 12, 12, 12, 12, 12, 12, 12, 12, 12, 12, 12, 12, 12, 12, 12, 12, 12, 338, 173, 191, 189, 189, 189, 189, 189
59, 60, 91, 105, 137, 100, 113, 144, 88, 111, 188, 168, 104, 124, 218, 244, 226, 0, 0, 112, 141, 195, 247, 192, 145, 175, 113, 192, 230, 248, 224, 54, 140, 293, 241, 215, 258, 0, 136, 245, 287, 290, 184, 225, 272, 200, 0, 156, 264, 302, 328, 217, 257, 261, 317, 327, 308, 231, 231, 179, 133, 252, 224, 152, 106, 170, 263, 238, 0, 0, 98, 197, 298, 275, 120, 114, 232, 165, 286, 223, 166, 262, 187, 0, 124, 193, 220, 225, 163, 183, 152, 170, 48, 11, 137, 114, 18, 126, 96, 77, 11, 11, 11, 11, 11, 11, 11, 11, 11, 11, 11, 11, 11, 11, 11, 21, 26, 30, 55, 102, 177, 177, 177, 249, 249, 212, 212, 262, 262, 166, 166, 174, 174, 43, 36, 41, 42, 107, 107, 270
136, 136, 157, 157, 157, 157, 157, 0, 49, 32, 40, 29, 51, 43, 122, 117, 87, 61, 150, 176, 234, 252, 137, 60, 69, 126, 47, 35, 199, 249, 101, 142, 169, 40, 70, 204, 276, 249, 126, 264, 325, 323, 282, 51, 123, 237, 259, 285, 300, 298, 51, 135, 243, 101, 37, 0, 130, 270, 333, 318, 92, 156, 237, 266, 251, 181, 318, 243, 297, 289, 248, 321, 343, 346, 234, 116, 71, 130, 262, 111, 185, 170, 66, 74, 123, 235, 134, 135, 220, 118, 13, 0, 0, 0, 43, 116, 239, 249, 155, 68, 0, 0, 106, 242, 189, 75, 92, 240, 88, 81, 242, 194, 78, 57, 71, 167, 271, 149, 83, 73, 43, 0, 0, 99, 153, 14, 98, 176, 194, 74, 172, 228, 119, 62, 251, 251, 101, 83, 83, 83, 31
204, 38, 119, 131, 131, 131, 142, 57, 80, 80, 111, 13, 109, 20, 47, 42, 93, 87, 50, 110, 34, 158, 158, 191, 191, 39, 167, 167, 69, 69, 0, 0, 0, 171, 171, 171, 185, 185, 185, 171, 171, 171, 210, 210, 210, 189, 189, 189, 250, 250, 250, 229, 229, 229, 212, 212, 212, 225, 225, 225, 235, 235, 235, 233, 233, 233, 257, 257, 257, 270, 270, 270, 267, 267, 267, 275, 275, 275, 141, 141, 141, 226, 226, 226, 284, 284, 284, 188, 188, 188, 57, 57, 57, 206, 206, 206, 212, 212, 212, 133, 133, 133, 105, 105, 105, 0, 0, 0, 208, 208, 208, 171, 171, 171, 9, 61, 20, 20, 229, 229, 43, 106, 106, 94, 25, 25, 25, 25, 25, 25, 25, 25, 25, 25, 25, 25, 25, 25, 25, 25, 25, 25, 25, 25, 25, 25, 25, 25, 158, 165
86, 98, 104, 116, 72, 137, 158, 88, 165, 156, 146, 153, 40, 0, 142, 259, 317, 0, 172, 176, 160, 208, 199, 194, 145, 154, 205, 200, 169, 182, 193, 190, 150, 203, 198, 196, 201, 200, 204, 204, 197, 199, 96, 161, 252, 282, 259, 166, 0, 175, 262, 294, 301, 218, 309, 270, 148, 261, 283, 311, 326, 323, 304, 206, 169, 243, 254, 193, 120, 171, 209, 177, 162, 200, 130, 218, 223, 200, 0, 114, 201, 219, 225, 208, 0, 124, 209, 215, 82, 211, 224, 130, 89, 166, 204, 141, 141, 0, 0, 0, 0, 0, 143, 259, 249, 160, 180, 212, 24, 156, 19, 94, 73, 19, 60, 20, 22, 82, 97, 72, 36, 36, 36, 36, 36, 36, 36, 36, 40, 113, 113, 22, 22, 39, 163, 163, 163, 163, 163
32, 42, 61, 74, 84, 106, 122, 102, 94, 149, 208, 265, 248, 300, 195, 176, 210, 202, 224, 218, 233, 241, 187, 76, 224, 277, 294, 169, 21, 0, 94, 208, 228, 205, 221, 232, 221, 219, 210, 183, 52, 43, 0, 9, 121, 215, 220, 212, 141, 3, 38, 193, 241, 57, 210, 284, 149, 0, 84, 248, 345, 169, 169, 169, 169, 169, 169, 169, 169, 169, 169, 169, 169, 169, 169, 169, 169, 169, 169, 169, 169, 169, 169, 169, 169, 169, 169, 169, 169, 169, 169, 169, 169, 169, 169, 169, 169, 169, 169, 169, 169, 169, 169, 169, 169, 169, 169, 169, 169, 169, 169, 169, 169, 169, 169, 169, 169, 169, 169, 169, 169, 169, 169, 169, 169, 17, 17, 17, 17, 17, 17, 17, 17, 17, 17, 17, 17, 17, 17
216, 216, 216, 243, 239, 210, 101, 58, 71, 76, 91, 136, 133, 84, 127, 130, 140, 156, 189, 191, 128, 15, 8, 129, 216, 68, 74, 165, 154, 156, 222, 205, 8, 157, 247, 251, 254, 206, 135, 205, 233, 220, 217, 201, 194, 198, 51, 179, 26, 40, 29, 201, 300, 311, 220, 23, 0, 35, 151, 268, 312, 275, 104, 125, 12, 309, 301, 221, 258, 312, 246, 262, 170, 125, 90, 235, 265, 271, 47, 0, 124, 288, 332, 247, 237, 55, 59, 181, 248, 227, 77, 140, 121, 0, 0, 98, 262, 256, 258, 153, 102, 0, 86, 73, 129, 158, 123, 71, 89, 62, 0, 0, 17, 35, 290, 259, 233, 126, 5, 5, 5, 5, 5, 5, 5, 5, 5, 5, 5, 5, 5, 5, 5, 5, 5, 5, 5, 5, 5, 5, 5, 5, 5, 5, 5, 259, 259, 259, 259, 259, 219, 219, 195, 224, 224
172, 143, 43, 74, 85, 98, 109, 137, 95, 140, 155, 231, 231, 89, 130, 71, 62, 215, 284, 274, 63, 200, 70, 170, 279, 85, 188, 188, 179, 135, 153, 222, 247, 184, 24, 43, 196, 277, 301, 298, 303, 238, 262, 88, 0, 103, 268, 312, 289, 131, 158, 197, 155, 239, 268, 149, 39, 169, 287, 324, 307, 224, 258, 231, 245, 248, 271, 276, 232, 229, 149, 205, 243, 160, 260, 162, 77, 242, 308, 314, 98, 0, 0, 111, 206, 194, 48, 181, 60, 10, 168, 308, 326, 232, 263, 259, 271, 207, 154, 40, 193, 243, 110, 168, 244, 258, 184, 150, 180, 256, 51, 9, 9, 9, 9, 9, 9, 9, 9, 9, 9, 9, 9, 9, 9, 9, 9, 9, 9, 9, 9, 9, 9, 9, 9, 9, 9, 225, 194, 51, 51
119, 15, 126, 19, 25, 59, 88, 54, 65, 21, 21, 18, 18, 110, 110, 210, 210, 210, 105, 105, 105, 90, 90, 90, 145, 145, 145, 151, 151, 151, 189, 189, 189, 207, 207, 207, 198, 198, 198, 211, 211, 211, 201, 201, 201, 188, 188, 188, 209, 209, 209, 230, 230, 230, 160, 160, 160, 224, 224, 224, 184, 184, 184, 194, 194, 194, 294, 294, 294, 288, 288, 288, 228, 228, 228, 222, 222, 222, 214, 214, 214, 200, 200, 200, 236, 236, 236, 228, 228, 228, 184, 184, 184, 206, 206, 206, 149, 149, 149, 183, 183, 183, 166, 166, 166, 161, 161, 161, 207, 207, 207, 140, 140, 140, 16, 16, 16, 16, 16, 16, 16, 16, 16, 16, 16, 16, 16, 16, 16, 16, 16, 16, 16, 16, 16, 16, 55, 55, 175
46, 53, 61, 134, 130, 108, 72, 99, 196, 171, 234, 208, 116, 106, 202, 266, 201, 53, 0, 187, 148, 261, 184, 149, 214, 227, 225, 76, 190, 233, 105, 175, 153, 225, 131, 211, 200, 146, 0, 94, 153, 184, 120, 249, 257, 117, 180, 301, 0, 0, 0, 0, 0, 0, 0, 0, 0, 0, 0, 42, 55, 50, 60, 118, 90, 30, 91, 55, 66, 70, 93, 87, 90, 66, 124, 125, 162, 183, 191, 157, 165, 186, 117, 247, 293, 217, 171, 0, 0, 332, 318, 54, 102, 0, 0, 115, 163, 187, 170, 91, 110, 0, 0, 0, 0, 171, 253, 282, 202, 114, 109, 213, 214, 253, 155, 54, 162, 180, 75, 0, 0, 0, 0, 128, 164, 247, 307, 132, 162, 114, 184, 64, 177, 154, 115, 19, 32, 61, 47, 36, 110, 70, 28, 60, 41, 91, 53, 24, 40, 43, 192, 192, 217, 217, 220, 220, 217, 217, 112, 112, 13, 13, 133, 133, 68, 68, 49, 49, 93, 73, 52, 60, 46, 120, 104, 104
61, 0, 0, 0, 50, 71, 121, 110, 130, 97, 161, 128, 163, 275, 264, 154, 266, 280, 183, 157, 164, 251, 171, 136, 197, 175, 266, 280, 141, 167, 272, 171, 262, 282, 223, 157, 268, 219, 166, 222, 148, 252, 257, 245, 122, 108, 174, 231, 180, 286, 180, 93, 179, 317, 367, 276, 199, 175, 297, 328, 329, 358, 336, 292, 153, 228, 194, 152, 210, 102, 177, 233, 211, 221, 119, 0, 148, 194, 276, 234, 0, 154, 257, 276, 262, 165, 259, 274, 243, 173, 0, 153, 239, 214, 106, 0, 150, 161, 210, 133, 160, 140, 75, 164, 11, 15, 143, 104, 41, 95, 21, 93, 73, 34, 44, 37, 27, 27, 27, 27, 27, 27, 27, 27, 27, 26, 19, 26, 43, 43, 79, 60, 55, 25, 32, 35, 48, 49
223, 248, 38, 34, 45, 49, 70, 87, 134, 147, 68, 162, 135, 120, 238, 150, 194, 254, 262, 180, 75, 132, 226, 262, 234, 227, 222, 234, 231, 210, 125, 76, 171, 216, 218, 224, 49, 174, 207, 52, 161, 227, 227, 125, 48, 169, 173, 67, 222, 238, 153, 10, 9, 147, 194, 227, 296, 230, 146, 121, 242, 291, 216, 306, 304, 209, 284, 319, 325, 308, 245, 161, 189, 168, 93, 188, 71, 71, 94, 112, 271, 230, 200, 140, 146, 206, 294, 164, 126, 0, 0, 34, 207, 298, 309, 146, 0, 72, 75, 198, 284, 102, 134, 139, 77, 204, 205, 34, 41, 95, 0, 0, 0, 0, 0, 37, 113, 217, 253, 172, 47, 97, 44, 134, 59, 59, 59, 59, 59, 59, 59, 59, 59, 59, 59, 183, 176, 176, 176, 176
66, 102, 91, 91, 139, 91, 172, 114, 162, 257, 274, 70, 131, 102, 162, 262, 269, 183, 168, 109, 241, 182, 311, 327, 212, 171, 232, 309, 280, 263, 229, 217, 284, 95, 169, 202, 228, 0, 249, 24, 84, 189, 189, 189, 256, 253, 263, 207, 161, 291, 324, 298, 249, 168, 94, 159, 256, 133, 181, 116, 127, 240, 298, 295, 100, 0, 172, 268, 229, 186, 0, 183, 301, 218, 224, 188, 217, 201, 197, 107, 0, 119, 155, 218, 76, 0, 0, 0, 0, 270, 312, 144, 160, 163, 90, 0, 0, 212, 106, 137, 165, 180, 18, 44, 41, 51, 26, 135, 70, 125, 78, 77, 75, 226, 226, 138, 138, 138, 138, 62, 82, 43, 55, 34, 198, 198, 198, 198, 234, 8, 8, 8, 8, 8, 8, 8, 8, 8, 8, 8, 8, 8, 8, 8, 8, 8, 8, 8, 8, 8, 8
52, 48, 80, 80, 106, 127, 127, 83, 135, 112, 124, 160, 176, 120, 165, 144, 102, 127, 132, 139, 152, 258, 214, 198, 169, 219, 261, 244, 231, 260, 159, 131, 206, 255, 198, 142, 162, 276, 261, 279, 187, 0, 167, 272, 277, 238, 148, 220, 121, 269, 239, 251, 298, 250, 311, 304, 259, 154, 84, 162, 236, 148, 189, 0, 146, 263, 193, 145, 170, 268, 169, 143, 183, 277, 201, 164, 0, 153, 257, 290, 219, 161, 162, 247, 228, 103, 65, 159, 255, 321, 207, 0, 173, 117, 0, 0, 115, 89, 30, 170, 170, 170, 170, 170, 22, 87, 38, 55, 75, 54, 167, 167, 120, 120, 121, 121, 195, 195, 268, 268, 170, 170, 114, 114, 19, 4, 4, 4, 4, 4, 4, 4, 4, 4, 4, 4, 4, 4, 4, 4, 4, 4, 4, 4, 4, 4, 4, 4, 4, 4, 4, 4, 4, 4, 4, 4, 4, 4, 4, 4, 4, 4, 4, 4, 102
0, 0, 0, 74, 76, 106, 162, 130, 122, 162, 167, 225, 194, 200, 96, 170, 189, 265, 152, 0, 278, 173, 135, 0, 151, 254, 289, 166, 261, 259, 20, 138, 248, 252, 225, 238, 256, 220, 172, 258, 0, 0, 160, 268, 342, 279, 149, 222, 233, 262, 133, 0, 198, 313, 324, 249, 186, 268, 274, 303, 292, 310, 286, 154, 236, 258, 240, 167, 286, 0, 229, 95, 264, 240, 0, 130, 161, 259, 244, 210, 130, 116, 191, 145, 135, 116, 0, 0, 156, 284, 319, 166, 123, 97, 54, 55, 19, 59, 62, 54, 15, 15, 15, 15, 15, 15, 15, 15, 15, 15, 15, 15, 15, 15, 15, 15, 15, 15, 15, 15, 15, 15, 15, 15, 127, 127, 227, 227, 216, 216, 227, 227, 112, 112, 146, 146, 146, 118, 118, 118, 118, 118, 63, 50, 35, 50, 203, 203, 58, 14
31, 0, 0, 0, 0, 0, 0, 0, 0, 0, 0, 0, 0, 0, 0, 0, 0, 0, 0, 0, 0, 0, 0, 0, 0, 0, 0, 0, 0, 0, 0, 0, 0, 0, 0, 0, 0, 0, 0, 0, 0, 0, 0, 103, 106, 106, 213, 248, 282, 263, 63, 0, 141, 222, 234, 181, 114, 119, 167, 175, 188, 188, 93, 183, 224, 221, 203, 206, 167, 154, 162, 143, 60, 132, 200, 204, 199, 196, 198, 206, 223, 238, 226, 141, 216, 212, 299, 199, 0, 0, 165, 244, 290, 242, 144, 276, 276, 276, 276, 276, 276, 276, 276, 276, 348, 362, 322, 269, 289, 297, 180, 175, 194, 277, 261, 230, 115, 0, 87, 280, 281, 169, 0, 134, 207, 306, 237, 182, 268, 272, 254, 224, 183, 182, 0, 85, 36, 152, 0, 0, 152, 185, 229, 244, 258, 233, 55, 55, 0, 289, 27, 6, 53, 26, 21, 105, 0, 33, 59, 26, 102, 37, 35, 35
43, 67, 0, 160, 114, 74, 63, 115, 109, 169, 192, 185, 176, 124, 109, 176, 196, 186, 188, 172, 175, 139, 159, 171, 159, 165, 157, 165, 183, 162, 163, 174, 142, 195, 172, 0, 40, 103, 110, 150, 178, 181, 185, 143, 180, 110, 222, 264, 209, 90, 225, 249, 240, 239, 222, 223, 209, 238, 245, 258, 243, 199, 187, 258, 269, 284, 297, 284, 287, 293, 167, 225, 168, 161, 218, 161, 218, 212, 215, 207, 0, 142, 221, 227, 224, 201, 214, 219, 229, 141, 0, 152, 238, 160, 230, 191, 0, 217, 226, 0, 129, 184, 161, 226, 235, 176, 0, 144, 127, 17, 17, 17, 17, 17, 17, 17, 17, 17, 17, 17, 151, 172, 172, 172, 172, 172, 144, 120, 81, 123, 20, 38, 68, 18, 66, 72, 22, 24, 61, 61, 23
0, 119, 157, 114, 69, 80, 133, 81, 219, 255, 206, 142, 226, 268, 221, 222, 173, 244, 168, 165, 208, 171, 266, 291, 176, 227, 177, 295, 324, 309, 294, 183, 165, 244, 0, 0, 161, 193, 146, 257, 228, 0, 146, 271, 196, 266, 163, 120, 174, 260, 260, 260, 240, 182, 293, 291, 302, 345, 346, 233, 148, 165, 264, 285, 0, 165, 274, 187, 120, 0, 0, 0, 111, 95, 203, 173, 157, 0, 156, 276, 295, 160, 118, 194, 205, 149, 266, 164, 100, 129, 135, 116, 61, 69, 70, 0, 0, 17, 165, 293, 333, 245, 0, 151, 71, 158, 16, 153, 84, 178, 124, 50, 57, 33, 22, 94, 128, 136, 48, 40, 55, 73, 71, 17, 17, 17, 17, 17, 17, 17, 17, 17, 17, 17, 17, 17, 17, 81, 82, 50, 123, 123, 67, 75, 261
33, 82, 136, 138, 120, 79, 135, 144, 140, 191, 182, 151, 73, 9, 125, 197, 262, 0, 0, 116, 181, 303, 233, 197, 243, 277, 198, 216, 244, 204, 360, 349, 190, 252, 257, 129, 99, 264, 352, 276, 199, 220, 209, 289, 296, 296, 296, 296, 296, 296, 296, 311, 252, 0, 138, 278, 320, 254, 172, 278, 167, 183, 138, 41, 160, 238, 192, 144, 0, 165, 301, 342, 196, 0, 175, 277, 218, 260, 119, 166, 164, 130, 83, 0, 25, 28, 0, 0, 0, 0, 0, 0, 178, 212, 286, 198, 176, 162, 13, 220, 69, 84, 118, 16, 30, 102, 41, 55, 51, 87, 31, 31, 31, 31, 31, 31, 27, 52, 82, 61, 57, 12, 24, 151, 46, 78, 58, 220, 220, 220, 220, 49, 58, 57, 276, 156, 198, 198
67, 0, 0, 102, 145, 143, 140, 198, 182, 160, 148, 153, 150, 151, 174, 261, 0, 165, 190, 0, 173, 265, 167, 184, 155, 233, 254, 256, 250, 224, 158, 178, 159, 165, 194, 178, 172, 177, 183, 173, 180, 180, 10, 122, 204, 204, 223, 220, 287, 167, 131, 174, 282, 315, 281, 222, 344, 323, 159, 281, 291, 309, 326, 0, 113, 0, 173, 253, 165, 205, 155, 231, 250, 183, 195, 0, 0, 119, 189, 235, 229, 158, 136, 261, 291, 201, 246, 319, 268, 210, 154, 226, 179, 82, 51, 115, 218, 223, 207, 169, 168, 161, 17, 156, 137, 139, 16, 15, 88, 72, 86, 111, 103, 61, 56, 105, 105, 239, 239, 103, 54, 24, 59, 237, 12, 12, 12, 12, 12, 12, 12, 12, 12, 12, 12, 12, 12, 12
97, 101, 99, 99, 87, 111, 131, 117, 164, 165, 170, 159, 69, 0, 153, 261, 299, 130, 187, 263, 296, 148, 181, 194, 201, 209, 215, 217, 200, 149, 108, 162, 160, 161, 172, 198, 258, 292, 163, 203, 125, 128, 275, 304, 217, 127, 104, 193, 233, 299, 304, 169, 295, 350, 334, 321, 338, 325, 333, 328, 274, 122, 179, 271, 303, 143, 11, 147, 281, 285, 234, 71, 0, 21, 77, 109, 173, 181, 172, 105, 0, 106, 169, 269, 323, 0, 178, 166, 224, 186, 84, 116, 149, 0, 92, 0, 0, 0, 86, 158, 135, 194, 159, 94, 47, 0, 0, 0, 0, 0, 0, 72, 44, 33, 55, 0, 126, 0, 172, 25, 72, 27, 37, 69, 71, 64, 83, 198, 29, 124, 124, 124, 103, 32, 97, 174, 328, 89, 268, 0, 0, 48, 48, 48
86, 141, 161, 80, 119, 126, 146, 247, 104, 69, 170, 243, 223, 105, 99, 192, 79, 202, 202, 30, 234, 271, 174, 297, 346, 215, 184, 303, 313, 166, 183, 181, 250, 258, 220, 232, 166, 259, 166, 132, 178, 205, 137, 267, 245, 172, 222, 311, 298, 303, 327, 307, 298, 323, 314, 302, 201, 173, 268, 284, 249, 192, 273, 230, 175, 144, 0, 0, 0, 106, 182, 236, 192, 66, 168, 288, 224, 168, 192, 104, 139, 160, 170, 273, 160, 90, 140, 0, 0, 0, 0, 0, 0, 0, 0, 0, 0, 0, 168, 155, 186, 148, 99, 65, 0, 0, 0, 0, 0, 0, 0, 40, 74, 42, 0, 146, 107, 30, 0, 135, 49, 19, 25, 47, 17, 142, 79, 47, 153, 75, 33, 88, 31, 31, 31, 31, 31, 31, 31, 31, 31, 39, 37, 66, 161, 161, 212, 212, 212, 212, 31, 13, 85, 10, 10, 10, 10, 10, 10, 10, 10, 10, 10, 10, 10
48, 0, 0, 63, 117, 133, 83, 142, 201, 194, 170, 35, 0, 174, 239, 203, 145, 39, 0, 158, 160, 153, 236, 215, 211, 189, 214, 196, 226, 222, 237, 201, 0, 0, 60, 125, 207, 242, 233, 213, 197, 212, 130, 211, 219, 110, 0, 0, 147, 210, 248, 293, 198, 115, 161, 250, 263, 285, 195, 167, 42, 166, 239, 202, 248, 298, 285, 264, 237, 118, 113, 172, 229, 178, 196, 70, 192, 320, 120, 154, 240, 222, 185, 0, 0, 0, 38, 0, 0, 0, 0, 0, 136, 220, 313, 287, 130, 93, 190, 290, 117, 0, 0, 158, 288, 267, 60, 53, 88, 46, 57, 199, 93, 74, 116, 25, 74, 45, 46, 65, 39, 33, 102, 102, 102, 139, 139, 106, 106, 151, 151, 122, 49, 156, 156, 156, 101, 175, 369, 123, 174, 182, 344
257, 32, 25, 45, 73, 63, 150, 155, 94, 174, 129, 103, 240, 147, 148, 136, 185, 66, 185, 100, 95, 189, 17, 0, 148, 200, 90, 234, 257, 76, 219, 273, 285, 284, 224, 67, 48, 202, 267, 282, 253, 79, 204, 241, 254, 218, 34, 87, 228, 110, 205, 307, 230, 68, 243, 46, 213, 332, 269, 328, 307, 271, 214, 163, 50, 201, 268, 228, 304, 364, 350, 287, 83, 24, 168, 246, 205, 219, 137, 104, 52, 166, 219, 140, 143, 275, 107, 0, 0, 44, 109, 170, 113, 190, 2, 12, 115, 54, 219, 282, 74, 184, 150, 90, 234, 69, 196, 279, 115, 121, 110, 71, 207, 256, 52, 91, 150, 229, 162, 176, 67, 59, 188, 57, 13, 13, 13, 13, 13, 13, 13, 13, 13, 13, 13, 13, 13, 13, 13, 13, 13, 13, 13, 13, 13, 13, 13, 13, 13, 13, 13, 13, 13, 13, 151, 151, 151, 58
98, 28, 31, 45, 60, 58, 81, 141, 135, 94, 92, 149, 160, 199, 200, 189, 189, 226, 211, 151, 206, 208, 208, 223, 212, 202, 186, 9, 110, 215, 203, 193, 192, 192, 81, 15, 127, 240, 235, 224, 210, 258, 239, 222, 201, 106, 195, 204, 274, 214, 175, 32, 169, 249, 225, 257, 191, 216, 283, 290, 287, 245, 192, 277, 277, 272, 314, 283, 274, 264, 200, 83, 114, 247, 272, 221, 25, 0, 75, 25, 124, 200, 268, 291, 78, 61, 228, 278, 278, 160, 0, 54, 220, 245, 271, 318, 0, 41, 208, 248, 164, 157, 3, 0, 34, 141, 256, 279, 231, 118, 3, 159, 180, 190, 144, 144, 144, 144, 144, 144, 10, 10, 10, 10, 10, 10, 10, 10, 10, 10, 10, 10, 10, 10, 10, 10, 10, 10, 10, 10, 10, 10, 10
30, 49, 36, 0, 0, 0, 0, 0, 63, 73, 90, 53, 153, 144, 193, 263, 117, 187, 0, 160, 243, 160, 0, 158, 180, 194, 255, 206, 246, 244, 233, 216, 210, 218, 144, 216, 238, 268, 168, 254, 222, 188, 229, 219, 200, 207, 204, 113, 162, 250, 286, 288, 133, 162, 255, 296, 304, 241, 197, 282, 271, 302, 293, 262, 245, 168, 92, 197, 227, 239, 153, 120, 0, 101, 225, 225, 154, 171, 154, 198, 263, 187, 53, 0, 144, 237, 275, 180, 247, 226, 200, 123, 22, 129, 86, 157, 156, 98, 56, 0, 0, 142, 195, 224, 199, 111, 211, 227, 142, 34, 359, 155, 42, 42, 34, 18, 68, 171, 25, 37, 26, 40, 48, 31, 74, 123, 47, 88, 54, 110, 62, 46, 34, 20, 84, 87, 234, 270
54, 55, 82, 145, 64, 143, 183, 156, 142, 165, 206, 0, 147, 209, 204, 179, 103, 192, 0, 164, 252, 161, 168, 239, 252, 240, 229, 213, 217, 166, 0, 0, 169, 247, 241, 231, 223, 218, 210, 219, 227, 105, 214, 249, 256, 209, 117, 81, 83, 200, 172, 279, 178, 143, 115, 115, 335, 355, 229, 235, 195, 326, 360, 402, 401, 336, 125, 168, 269, 199, 150, 82, 110, 175, 270, 167, 161, 155, 0, 0, 0, 0, 0, 0, 0, 121, 175, 239, 130, 0, 0, 0, 0, 0, 0, 0, 0, 195, 278, 155, 189, 0, 198, 338, 366, 196, 84, 131, 105, 190, 128, 0, 0, 0, 0, 0, 0, 0, 0, 0, 0, 201, 332, 318, 192, 225, 65, 14, 130, 23, 106, 104, 164, 120, 26, 111, 94, 72, 33, 46, 28, 46, 76, 93, 69, 95, 95, 46, 46, 154
86, 113, 142, 124, 73, 117, 143, 155, 208, 205, 189, 103, 148, 193, 167, 273, 163, 196, 224, 169, 165, 265, 286, 241, 0, 176, 272, 302, 285, 283, 302, 283, 167, 97, 225, 307, 296, 164, 0, 134, 221, 250, 322, 0, 160, 299, 299, 299, 205, 287, 284, 238, 296, 307, 277, 281, 188, 144, 205, 244, 243, 220, 161, 240, 245, 178, 240, 179, 173, 253, 169, 0, 124, 251, 266, 240, 133, 122, 225, 221, 202, 230, 190, 0, 133, 156, 160, 108, 0, 0, 0, 104, 129, 99, 71, 176, 155, 181, 97, 113, 88, 140, 10, 11, 124, 22, 69, 44, 53, 63, 65, 63, 161, 161, 10, 10, 10, 10, 10, 10, 10, 10, 10, 10, 10, 10, 10, 10, 10, 10, 10, 10, 10, 10, 10, 10, 10, 10, 10, 10, 10, 10, 10, 10, 10, 19, 89, 51, 41, 41, 30, 115, 115, 115, 115, 115, 115
142, 240, 40, 18, 57, 56, 157, 181, 76, 162, 191, 191, 240, 19, 123, 250, 272, 110, 0, 42, 180, 195, 242, 233, 108, 112, 192, 13, 60, 209, 107, 136, 288, 355, 220, 198, 313, 338, 149, 175, 293, 322, 295, 52, 99, 254, 331, 333, 43, 0, 5, 162, 256, 255, 337, 286, 31, 341, 263, 293, 307, 275, 352, 355, 310, 248, 20, 40, 211, 288, 321, 240, 81, 214, 263, 44, 192, 214, 147, 83, 167, 266, 241, 40, 180, 259, 277, 230, 6, 16, 115, 0, 188, 290, 304, 227, 117, 95, 179, 230, 158, 44, 27, 0, 59, 216, 309, 328, 296, 211, 211, 15, 15, 15, 15, 15, 15, 15, 15, 15, 15, 15, 15, 15, 15, 15, 15, 15, 15, 15, 15, 15, 15, 15, 15, 15, 15, 15, 15, 15, 15, 15, 15, 15, 15, 15, 15, 15, 15, 15, 15, 15, 15, 15, 74, 14
44, 44, 182, 156, 65, 157, 146, 223, 313, 201, 73, 181, 225, 225, 106, 90, 97, 194, 214, 261, 169, 141, 66, 175, 182, 179, 199, 245, 261, 108, 0, 160, 222, 257, 242, 172, 287, 207, 191, 257, 117, 259, 289, 273, 128, 171, 243, 208, 281, 102, 131, 200, 291, 332, 302, 206, 293, 262, 278, 282, 279, 250, 184, 88, 193, 254, 205, 207, 191, 291, 166, 193, 125, 0, 103, 169, 154, 150, 139, 0, 0, 0, 0, 0, 124, 191, 270, 174, 118, 0, 0, 116, 145, 137, 86, 45, 88, 104, 118, 90, 66, 119, 50, 0, 0, 0, 0, 0, 115, 115, 133, 169, 215, 183, 157, 162, 178, 84, 155, 208, 87, 130, 128, 80, 49, 190, 17, 17, 29, 27, 28, 31, 67, 72, 81, 28, 56, 81, 104, 104, 42, 42, 159, 159, 159
71, 13, 8, 33, 83, 164, 80, 161, 68, 10, 93, 33, 24, 25, 30, 62, 109, 94, 38, 63, 103, 103, 13, 13, 127, 127, 77, 77, 170, 170, 170, 206, 206, 206, 75, 75, 75, 112, 112, 112, 188, 188, 188, 199, 199, 199, 282, 282, 282, 272, 272, 272, 218, 218, 218, 203, 203, 203, 246, 246, 246, 231, 231, 231, 259, 259, 259, 283, 283, 283, 299, 299, 299, 226, 226, 226, 212, 212, 212, 245, 245, 245, 166, 166, 166, 196, 196, 196, 96, 96, 96, 195, 195, 195, 205, 205, 205, 104, 104, 104, 98, 98, 98, 88, 88, 88, 201, 201, 201, 202, 202, 127, 127, 152, 152, 54, 69, 45, 153, 153, 73, 73, 69, 69, 69, 69, 50, 50, 50, 50, 50, 92, 131, 131, 131, 131, 131, 131, 7
169, 167, 226, 226, 32, 91, 141, 183, 81, 175, 192, 220, 263, 180, 176, 207, 187, 220, 224, 284, 241, 207, 19, 78, 240, 254, 284, 171, 24, 73, 220, 277, 289, 290, 276, 275, 250, 65, 127, 208, 251, 249, 167, 112, 111, 258, 312, 257, 141, 137, 97, 224, 279, 317, 188, 288, 312, 285, 297, 195, 75, 58, 40, 202, 269, 274, 38, 238, 269, 61, 218, 204, 131, 50, 34, 202, 216, 168, 57, 71, 135, 191, 187, 171, 188, 94, 88, 139, 242, 250, 237, 176, 103, 71, 161, 183, 76, 33, 19, 35, 42, 77, 8, 16, 51, 124, 141, 157, 192, 151, 71, 168, 54, 115, 118, 53, 43, 43, 43, 43, 43, 43, 43, 43, 43, 43, 43, 43, 26, 26, 26, 26, 26, 26, 26, 26, 129, 264, 264, 264
103, 143, 146, 89, 113, 151, 145, 233, 265, 156, 230, 244, 151, 0, 0, 156, 162, 206, 218, 196, 116, 158, 227, 236, 226, 252, 259, 0, 162, 281, 299, 266, 256, 262, 159, 226, 165, 257, 271, 260, 0, 171, 247, 181, 280, 233, 124, 165, 253, 283, 277, 218, 289, 278, 258, 261, 244, 259, 260, 264, 151, 127, 239, 241, 167, 203, 0, 0, 186, 297, 323, 224, 174, 252, 217, 182, 245, 278, 234, 138, 182, 231, 241, 205, 176, 0, 137, 133, 155, 168, 120, 168, 139, 199, 206, 228, 233, 113, 73, 180, 130, 13, 13, 13, 13, 13, 13, 13, 13, 13, 13, 13, 13, 13, 13, 175, 96, 186, 91, 23, 23, 58, 61, 77, 99, 66, 18, 18, 18, 18, 18, 18, 18, 43, 58, 58, 40, 138
153, 206, 221, 216, 157, 0, 0, 0, 0, 0, 0, 0, 0, 0, 0, 0, 0, 0, 173, 335, 266, 302, 342, 129, 0, 154, 138, 0, 0, 0, 0, 0, 0, 0, 0, 0, 0, 0, 0, 0, 0, 0, 0, 0, 0, 0, 0, 0, 121, 200, 258, 230, 113, 134, 226, 227, 260, 288, 289, 252, 295, 312, 316, 301, 311, 292, 204, 242, 271, 300, 0, 0, 125, 216, 252, 282, 288, 304, 320, 273, 283, 278, 321, 306, 286, 331, 338, 284, 228, 0, 141, 243, 295, 279, 217, 290, 325, 302, 0, 122, 211, 273, 167, 179, 253, 254, 228, 137, 186, 245, 291, 288, 157, 123, 129, 130, 134, 136, 0, 0, 0, 0, 113, 168, 165, 135, 233, 228, 129, 182, 150, 121, 135, 27, 23, 105, 94, 37, 85, 27, 4, 4, 55
167, 47, 20, 127, 94, 46, 88, 23, 61, 72, 100, 46, 89, 84, 37, 35, 28, 45, 118, 118, 66, 66, 81, 81, 102, 102, 137, 137, 137, 156, 156, 156, 258, 258, 258, 193, 193, 193, 213, 213, 213, 248, 248, 248, 230, 230, 230, 201, 201, 201, 112, 112, 112, 185, 185, 185, 222, 222, 222, 221, 221, 221, 229, 229, 229, 276, 276, 276, 258, 258, 258, 285, 285, 285, 200, 200, 200, 201, 201, 201, 223, 223, 223, 152, 152, 152, 93, 93, 93, 140, 140, 140, 153, 153, 153, 160, 160, 160, 194, 194, 194, 141, 141, 141, 119, 119, 119, 20, 20, 20, 4, 4, 4, 206, 206, 206, 252, 252, 252, 143, 143, 70, 70, 111, 111, 111, 87, 87, 87, 87, 87, 87, 87, 87, 87, 87, 87, 87
32, 42, 61, 74, 84, 106, 122, 102, 94, 149, 208, 265, 248, 300, 195, 176, 210, 202, 224, 218, 233, 241, 187, 76, 224, 277, 294, 169, 21, 0, 94, 208, 228, 205, 221, 232, 221, 219, 210, 183, 52, 43, 0, 9, 121, 215, 220, 212, 141, 3, 38, 193, 241, 57, 210, 284, 149, 0, 84, 248, 345, 169, 169, 169, 169, 169, 169, 169, 169, 169, 169, 169, 169, 169, 169, 169, 169, 169, 169, 169, 169, 169, 169, 169, 169, 169, 169, 169, 169, 169, 169, 169, 169, 169, 169, 169, 169, 169, 169, 169, 169, 169, 169, 169, 169, 169, 169, 169, 169, 169, 169, 169, 169, 169, 169, 169, 169, 169, 169, 169, 169, 169, 169, 169, 169, 17, 17, 17, 17, 17, 17, 17, 17, 17, 17, 17, 17, 17, 17
216, 216, 216, 243, 239, 210, 101, 58, 71, 76, 91, 136, 133, 84, 127, 130, 140, 156, 189, 191, 128, 15, 8, 129, 216, 68, 74, 165, 154, 156, 222, 205, 8, 157, 247, 251, 254, 206, 135, 205, 233, 220, 217, 201, 194, 198, 51, 179, 26, 40, 29, 201, 300, 311, 220, 23, 0, 35, 151, 268, 312, 275, 104, 125, 12, 309, 301, 221, 258, 312, 246, 262, 170, 125, 90, 235, 265, 271, 47, 0, 124, 288, 332, 247, 237, 55, 59, 181, 248, 227, 77, 140, 121, 0, 0, 98, 262, 256, 258, 153, 102, 0, 86, 73, 129, 158, 123, 71, 89, 62, 0, 0, 17, 35, 290, 259, 233, 126, 5, 5, 5, 5, 5, 5, 5, 5, 5, 5, 5, 5, 5, 5, 5, 5, 5, 5, 5, 5, 5, 5, 5, 5, 5, 5, 5, 259, 259, 259, 259, 259, 219, 219, 195, 224, 224
172, 143, 43, 74, 85, 98, 109, 137, 95, 140, 155, 231, 231, 89, 130, 71, 62, 215, 284, 274, 63, 200, 70, 170, 279, 85, 188, 188, 179, 135, 153, 222, 247, 184, 24, 43, 196, 277, 301, 298, 303, 238, 262, 88, 0, 103, 268, 312, 289, 131, 158, 197, 155, 239, 268, 149, 39, 169, 287, 324, 307, 224, 258, 231, 245, 248, 271, 276, 232, 229, 149, 205, 243, 160, 260, 162, 77, 242, 308, 314, 98, 0, 0, 111, 206, 194, 48, 181, 60, 10, 168, 308, 326, 232, 263, 259, 271, 207, 154, 40, 193, 243, 110, 168, 244, 258, 184, 150, 180, 256, 51, 9, 9, 9, 9, 9, 9, 9, 9, 9, 9, 9, 9, 9, 9, 9, 9, 9, 9, 9, 9, 9, 9, 9, 9, 9, 9, 225, 194, 51, 51
119, 15, 126, 19, 25, 59, 88, 54, 65, 21, 21, 18, 18, 110, 110, 210, 210, 210, 105, 105, 105, 90, 90, 90, 145, 145, 145, 151, 151, 151, 189, 189, 189, 207, 207, 207, 198, 198, 198, 211, 211, 211, 201, 201, 201, 188, 188, 188, 209, 209, 209, 230, 230, 230, 160, 160, 160, 224, 224, 224, 184, 184, 184, 194, 194, 194, 294, 294, 294, 288, 288, 288, 228, 228, 228, 222, 222, 222, 214, 214, 214, 200, 200, 200, 236, 236, 236, 228, 228, 228, 184, 184, 184, 206, 206, 206, 149, 149, 149, 183, 183, 183, 166, 166, 166, 161, 161, 161, 207, 207, 207, 140, 140, 140, 16, 16, 16, 16, 16, 16, 16, 16, 16, 16, 16, 16, 16, 16, 16, 16, 16, 16, 16, 16, 16, 16, 55, 55, 175
46, 53, 61, 134, 130, 108, 72, 99, 196, 171, 234, 208, 116, 106, 202, 266, 201, 53, 0, 187, 148, 261, 184, 149, 214, 227, 225, 76, 190, 233, 105, 175, 153, 225, 131, 211, 200, 146, 0, 94, 153, 184, 120, 249, 257, 117, 180, 301, 0, 0, 0, 0, 0, 0, 0, 0, 0, 0, 0, 42, 55, 50, 60, 118, 90, 30, 91, 55, 66, 70, 93, 87, 90, 66, 124, 125, 162, 183, 191, 157, 165, 186, 117, 247, 293, 217, 171, 0, 0, 332, 318, 54, 102, 0, 0, 115, 163, 187, 170, 91, 110, 0, 0, 0, 0, 171, 253, 282, 202, 114, 109, 213, 214, 253, 155, 54, 162, 180, 75, 0, 0, 0, 0, 128, 164, 247, 307, 132, 162, 114, 184, 64, 177, 154, 115, 19, 32, 61, 47, 36, 110, 70, 28, 60, 41, 91, 53, 24, 40, 43, 192, 192, 217, 217, 220, 220, 217, 217, 112, 112, 13, 13, 133, 133, 68, 68, 49, 49, 93, 73, 52, 60, 46, 120, 104, 104
54, 55, 82, 145, 64, 143, 183, 156, 142, 165, 206, 0, 147, 209, 204, 179, 103, 192, 0, 164, 252, 161, 168, 239, 252, 240, 229, 213, 217, 166, 0, 0, 169, 247, 241, 231, 223, 218, 210, 219, 227, 105, 214, 249, 256, 209, 117, 81, 83, 200, 172, 279, 178, 143, 115, 115, 335, 355, 229, 235, 195, 326, 360, 402, 401, 336, 125, 168, 269, 199, 150, 82, 110, 175, 270, 167, 161, 155, 0, 0, 0, 0, 0, 0, 0, 121, 175, 239, 130, 0, 0, 0, 0, 0, 0, 0, 0, 195, 278, 155, 189, 0, 198, 338, 366, 196, 84, 131, 105, 190, 128, 0, 0, 0, 0, 0, 0, 0, 0, 0, 0, 201, 332, 318, 192, 225, 65, 14, 130, 23, 106, 104, 164, 120, 26, 111, 94, 72, 33, 46, 28, 46, 76, 93, 69, 95, 95, 46, 46, 154
86, 113, 142, 124, 73, 117, 143, 155, 208, 205, 189, 103, 148, 193, 167, 273, 163, 196, 224, 169, 165, 265, 286, 241, 0, 176, 272, 302, 285, 283, 302, 283, 167, 97, 225, 307, 296, 164, 0, 134, 221, 250, 322, 0, 160, 299, 299, 299, 205, 287, 284, 238, 296, 307, 277, 281, 188, 144, 205, 244, 243, 220, 161, 240, 245, 178, 240, 179, 173, 253, 169, 0, 124, 251, 266, 240, 133, 122, 225, 221, 202, 230, 190, 0, 133, 156, 160, 108, 0, 0, 0, 104, 129, 99, 71, 176, 155, 181, 97, 113, 88, 140, 10, 11, 124, 22, 69, 44, 53, 63, 65, 63, 161, 161, 10, 10, 10, 10, 10, 10, 10, 10, 10, 10, 10, 10, 10, 10, 10, 10, 10, 10, 10, 10, 10, 10, 10, 10, 10, 10, 10, 10, 10, 10, 10, 19, 89, 51, 41, 41, 30, 115, 115, 115, 115, 115, 115
142, 240, 40, 18, 57, 56, 157, 181, 76, 162, 191, 191, 240, 19, 123, 250, 272, 110, 0, 42, 180, 195, 242, 233, 108, 112, 192, 13, 60, 209, 107, 136, 288, 355, 220, 198, 313, 338, 149, 175, 293, 322, 295, 52, 99, 254, 331, 333, 43, 0, 5, 162, 256, 255, 337, 286, 31, 341, 263, 293, 307, 275, 352, 355, 310, 248, 20, 40, 211, 288, 321, 240, 81, 214, 263, 44, 192, 214, 147, 83, 167, 266, 241, 40, 180, 259, 277, 230, 6, 16, 115, 0, 188, 290, 304, 227, 117, 95, 179, 230, 158, 44, 27, 0, 59, 216, 309, 328, 296, 211, 211, 15, 15, 15, 15, 15, 15, 15, 15, 15, 15, 15, 15, 15, 15, 15, 15, 15, 15, 15, 15, 15, 15, 15, 15, 15, 15, 15, 15, 15, 15, 15, 15, 15, 15, 15, 15, 15, 15, 15, 15, 15, 15, 15, 74, 14
